Season,Rank,Player,Age,Tm,First,Pts Won,Pts Max,Share,G,MP,PTS,TRB,AST,STL,BLK,FG%,3P%,FT%,WS,WS/48,DWS,DBPM,DRtg,ID
2024,1,Rudy Gobert,31,MIN,72,433,495,0.875,76,34.1,14,12.9,1.3,0.7,2.1,0.661,0,0.638,11.6,0.216,5.8,1.7,104,goberru01
2024,2,Victor Wembanyama,20,SAS,19,245,495,0.495,71,29.7,21.4,10.6,3.9,1.2,3.6,0.465,0.325,0.796,3.7,0.085,4.4,3.3,106,wembavi01
2024,3,Bam Adebayo,26,MIA,3,91,495,0.184,71,34,19.3,10.4,3.9,1.1,0.9,0.521,0.357,0.755,7.2,0.144,4.3,1.7,109,adebaba01
2024,4,Anthony Davis,30,LAL,4,83,495,0.168,76,35.5,24.7,12.6,3.5,1.2,2.3,0.556,0.271,0.816,11.8,0.21,4.7,1.7,109,davisan02
2024,5,Herbert Jones,25,NOP,0,14,495,0.028,76,30.5,11,3.6,2.6,1.4,0.8,0.498,0.418,0.867,6.3,0.131,3,1.5,113,joneshe01
2024,6,Jrue Holiday,33,BOS,1,7,495,0.014,69,32.8,12.5,5.4,4.8,0.9,0.8,0.48,0.429,0.833,6.3,0.133,3,1.1,113,holidjr01
2024,7,Shai Gilgeous-Alexander,25,OKC,0,6,495,0.012,75,34,30.1,5.5,6.2,2,0.9,0.535,0.353,0.874,14.6,0.275,4.2,2.3,110,gilgesh01
2024,8,Derrick White,29,BOS,0,5,495,0.01,73,32.6,15.2,4.2,5.2,1,1.2,0.461,0.396,0.901,8.5,0.171,3.3,1.4,112,whitede01
2024,9,Giannis Antetokounmpo,29,MIL,0,3,495,0.006,73,35.2,30.4,11.5,6.5,1.2,1.1,0.611,0.274,0.657,13.2,0.246,3.7,2.4,112,antetgi01
2024,10T,Jarrett Allen,25,CLE,0,1,495,0.002,77,31.7,16.5,10.5,2.7,0.7,1.1,0.634,0,0.742,10.7,0.21,3.9,0.9,110,allenja01
2024,10T,Alex Caruso,29,CHI,0,1,495,0.002,71,28.7,10.1,3.8,3.5,1.7,1,0.468,0.408,0.76,4.9,0.115,2.6,2.3,113,carusal01
2024,10T,Domantas Sabonis,27,SAC,0,1,495,0.002,82,35.7,19.4,13.7,8.2,0.9,0.6,0.594,0.379,0.704,12.6,0.206,4,2.4,112,sabondo01
2024,10T,Jalen Suggs,22,ORL,0,1,495,0.002,75,27,12.6,3.1,2.7,1.4,0.6,0.471,0.397,0.756,4.7,0.112,3.2,1.6,110,suggsja01
2023,1,Jaren Jackson Jr.,23,MEM,56,391,500,0.782,63,28.4,18.6,6.8,1,1,3,0.506,0.355,0.788,6.6,0.177,3.8,2,105,jacksja02
2023,2,Brook Lopez,34,MIL,31,309,500,0.618,78,30.4,15.9,6.7,1.3,0.5,2.5,0.531,0.374,0.784,8,0.161,3.9,1.3,109,lopezbr01
2023,3,Evan Mobley,21,CLE,8,101,500,0.202,79,34.4,16.2,9,2.8,0.8,1.5,0.554,0.216,0.674,8.5,0.151,4.8,1.6,108,mobleev01
2023,4,Draymond Green,32,GSW,3,34,500,0.068,73,31.5,8.5,7.2,6.8,1,0.8,0.527,0.305,0.713,4.7,0.098,3.1,2.6,112,greendr01
2023,5,Bam Adebayo,25,MIA,1,18,500,0.036,75,34.6,20.4,9.2,3.2,1.2,0.8,0.54,0.083,0.806,7.4,0.137,3.8,0.8,111,adebaba01
2023,6,Giannis Antetokounmpo,28,MIL,0,14,500,0.028,63,32.1,31.1,11.8,5.7,0.8,0.8,0.553,0.275,0.645,8.6,0.204,3.7,2.7,108,antetgi01
2023,7T,OG Anunoby,25,TOR,0,8,500,0.016,67,35.6,16.8,5,2,1.9,0.7,0.476,0.387,0.838,4.7,0.094,2.9,0.7,113,anunoog01
2023,7T,Jrue Holiday,32,MIL,0,8,500,0.016,67,32.6,19.3,5.1,7.4,1.2,0.4,0.479,0.384,0.859,6.7,0.148,2.8,0.1,112,holidjr01
2023,9T,Joel Embiid,28,PHI,1,7,500,0.014,66,34.6,33.1,10.2,4.2,1,1.7,0.548,0.33,0.857,12.3,0.259,3.9,2.3,109,embiijo01
2023,9T,Nic Claxton,23,BRK,0,7,500,0.014,76,29.9,12.6,9.2,1.9,0.9,2.5,0.705,0,0.541,9.2,0.195,4,2.2,108,claxtni01
2023,11,Alex Caruso,28,CHI,0,2,500,0.004,67,23.5,5.6,2.9,2.9,1.5,0.7,0.455,0.364,0.808,3.6,0.109,2.6,3.3,109,carusal01
2023,12,Jimmy Butler,33,MIA,0,1,500,0.002,64,33.4,22.9,5.9,5.3,1.8,0.3,0.539,0.35,0.85,12.3,0.277,2.9,2,112,butleji01
2022,1,Marcus Smart,27,BOS,37,257,500,0.514,71,32.3,12.1,3.8,5.9,1.7,0.3,0.418,0.331,0.793,5.6,0.116,3.7,1.7,107,smartma01
2022,2,Mikal Bridges,25,PHO,22,202,500,0.404,82,34.8,14.2,4.2,2.3,1.2,0.4,0.534,0.369,0.834,8.9,0.15,3.7,1.1,110,bridgmi01
2022,3,Rudy Gobert,29,UTA,12,136,500,0.272,66,32.1,15.6,14.7,1.1,0.7,2.1,0.713,0,0.69,11.7,0.264,4.3,1.7,103,goberru01
2022,4,Bam Adebayo,24,MIA,13,128,500,0.256,56,32.6,19.1,10.1,3.4,1.4,0.8,0.557,0,0.753,7.2,0.188,3.5,2.1,104,adebaba01
2022,5,Jaren Jackson Jr.,22,MEM,10,99,500,0.198,78,27.3,16.3,5.8,1.1,0.9,2.3,0.415,0.319,0.823,5.4,0.121,3.7,0.8,106,jacksja02
2022,6,Giannis Antetokounmpo,27,MIL,5,58,500,0.116,67,32.9,29.9,11.6,5.8,1.1,1.4,0.553,0.293,0.722,12.9,0.281,3.7,3.5,106,antetgi01
2022,7,Robert Williams,24,BOS,1,8,500,0.016,61,29.6,10,9.6,2,0.9,2.2,0.736,0,0.722,9.9,0.262,3.9,3.1,102,williro04
2022,8,Jrue Holiday,31,MIL,0,6,500,0.012,67,33,18.3,4.5,6.8,1.6,0.4,0.501,0.411,0.761,6.9,0.15,2.4,0.3,112,holidjr01
2022,9,Al Horford,35,BOS,0,3,500,0.006,69,29.1,10.2,7.7,3.4,0.7,1.3,0.467,0.336,0.842,7.6,0.181,3.8,2.9,104,horfoal01
2022,10,Draymond Green,31,GSW,0,2,500,0.004,46,28.9,7.5,7.3,7,1.3,1.1,0.525,0.296,0.659,3.6,0.131,2.8,4.6,103,greendr01
2022,11,Matisse Thybulle,24,PHI,0,1,500,0.002,66,25.5,5.7,2.3,1.1,1.7,1.1,0.5,0.313,0.791,3.7,0.107,2.5,3.3,108,thybuma01
2021,1,Rudy Gobert,28,UTA,84,464,500,0.928,71,30.8,14.3,13.5,1.3,0.6,2.7,0.675,0,0.623,11.3,0.248,5.2,2.8,101,goberru01
2021,2,Ben Simmons,24,PHI,15,287,500,0.574,58,32.4,14.3,7.2,6.9,1.6,0.6,0.557,0.3,0.613,6,0.153,3.3,2.2,106,simmobe01
2021,3,Draymond Green,30,GSW,0,76,500,0.152,63,31.5,7,7.1,8.9,1.7,0.8,0.447,0.27,0.795,4.6,0.112,3.4,3.3,106,greendr01
2021,4,Bam Adebayo,23,MIA,1,31,500,0.062,64,33.5,18.7,9,5.4,1.2,1,0.57,0.25,0.799,8.8,0.197,3.2,2,108,adebaba01
2021,5,Giannis Antetokounmpo,26,MIL,0,12,500,0.024,61,33,28.1,11,5.9,1.2,1.2,0.569,0.303,0.685,10.2,0.244,3.3,2.8,107,antetgi01
2021,6,Clint Capela,26,ATL,0,10,500,0.02,63,30.1,15.2,14.3,0.8,0.7,2,0.594,,0.573,8.2,0.207,3.3,0,106,capelca01
2021,7,Joel Embiid,26,PHI,0,7,500,0.014,51,31.1,28.5,10.6,2.8,1,1.4,0.513,0.377,0.859,8.8,0.266,3.2,1.2,104,embiijo01
2021,8,Jrue Holiday,30,MIL,0,6,500,0.012,59,32.3,17.7,4.5,6.1,1.6,0.6,0.503,0.392,0.787,6.6,0.165,2.2,0.6,111,holidjr01
2021,9,Myles Turner,24,IND,0,3,500,0.006,47,31,12.6,6.5,1,0.9,3.4,0.477,0.335,0.782,3.3,0.11,2.2,2,108,turnemy01
2021,10,Jimmy Butler,31,MIA,0,2,500,0.004,52,33.6,21.5,6.9,7.1,2.1,0.3,0.497,0.245,0.863,9.3,0.255,2.7,2.3,108,butleji01
2021,11T,Kentavious Caldwell-Pope,27,LAL,0,1,500,0.002,67,28.4,9.7,2.7,1.9,0.9,0.4,0.431,0.41,0.866,4.2,0.107,2.6,1,109,caldwke01
2021,11T,Matisse Thybulle,23,PHI,0,1,500,0.002,65,20,3.9,1.9,1,1.6,1.1,0.42,0.301,0.444,2.8,0.102,2.7,4.5,103,thybuma01
2020,1,Giannis Antetokounmpo,25,MIL,75,432,500,0.864,63,30.4,29.5,13.6,5.6,1,1,0.553,0.304,0.633,11.1,0.279,5,4.1,97,antetgi01
2020,2,Anthony Davis,26,LAL,14,200,500,0.4,62,34.4,26.1,9.3,3.2,1.5,2.3,0.503,0.33,0.846,11.1,0.25,4.4,2.6,102,davisan02
2020,3,Rudy Gobert,27,UTA,6,187,500,0.374,68,34.3,15.1,13.5,1.5,0.8,2,0.693,,0.63,10.7,0.221,4.2,1.9,104,goberru01
2020,4,Ben Simmons,23,PHI,1,32,500,0.064,57,35.4,16.4,7.8,8,2.1,0.6,0.58,0.286,0.621,6.9,0.165,3.1,2.3,106,simmobe01
2020,5,Bam Adebayo,22,MIA,2,17,500,0.034,72,33.6,15.9,10.2,5.1,1.1,1.3,0.557,0.143,0.691,8.5,0.168,3.9,2,106,adebaba01
2020,6T,Patrick Beverley,31,LAC,1,7,500,0.014,51,26.3,7.9,5.2,3.6,1.1,0.5,0.431,0.388,0.66,3.6,0.128,2,2.5,107,beverpa01
2020,6T,Marcus Smart,25,BOS,0,7,500,0.014,60,32,12.9,3.8,4.9,1.7,0.5,0.375,0.347,0.836,4.5,0.112,2.8,1.4,107,smartma01
2020,8T,Andre Drummond,26,TOT,1,5,500,0.01,57,33,17.7,15.2,2.7,1.9,1.6,0.533,0.143,0.575,4.2,0.108,3.6,1.1,103,drumman01
2020,8T,Kawhi Leonard,28,LAC,0,5,500,0.01,57,32.4,27.1,7.1,4.9,1.8,0.6,0.47,0.378,0.886,8.7,0.226,3.3,2.4,104,leonaka01
2020,10,Brook Lopez,31,MIL,0,4,500,0.008,68,26.7,12,4.6,1.5,0.7,2.4,0.435,0.314,0.836,5.5,0.145,4.1,2.5,100,lopezbr01
2020,11,Hassan Whiteside,30,POR,0,3,500,0.006,67,30,15.5,13.5,1.2,0.4,2.9,0.621,0.571,0.686,8.5,0.204,3,0.7,107,whiteha01
2020,12,Jarrett Allen,21,BRK,0,1,500,0.002,70,26.5,11.1,9.6,1.6,0.6,1.3,0.649,0,0.633,8.2,0.212,2.9,1,106,allenja01
2019,1,Rudy Gobert,26,UTA,65,411,500,0.822,81,31.8,15.9,12.9,2,0.8,2.3,0.669,,0.636,14.4,0.268,5.7,2.5,100,goberru01
2019,2,Giannis Antetokounmpo,24,MIL,26,280,500,0.56,72,32.8,27.7,12.5,5.9,1.3,1.5,0.578,0.256,0.729,14.4,0.292,5.5,4.1,99,antetgi01
2019,3,Paul George,28,OKC,6,150,500,0.3,77,36.9,28,8.2,4.1,2.2,0.4,0.438,0.386,0.839,11.9,0.201,4.9,1.6,105,georgpa01
2019,4,Joel Embiid,24,PHI,1,26,500,0.052,64,33.7,27.5,13.6,3.7,0.7,1.9,0.484,0.3,0.804,8.7,0.194,3.8,0.9,104,embiijo01
2019,5,Myles Turner,22,IND,0,15,500,0.03,74,28.6,13.3,7.2,1.6,0.8,2.7,0.487,0.388,0.736,6.3,0.144,4.4,2.4,101,turnemy01
2019,6T,Draymond Green,28,GSW,1,6,500,0.012,66,31.3,7.4,7.3,6.9,1.4,1.1,0.445,0.285,0.692,4.3,0.1,3.2,2.7,106,greendr01
2019,6T,Kawhi Leonard,27,TOR,1,6,500,0.012,60,34,26.6,7.3,3.3,1.8,0.4,0.496,0.371,0.854,9.5,0.224,3.4,1.1,105,leonaka01
2019,8,Marcus Smart,24,BOS,0,4,500,0.008,80,27.5,8.9,2.9,4,1.8,0.4,0.422,0.364,0.806,5.2,0.114,3,2,108,smartma01
2019,9T,Jarrett Allen,20,BRK,0,1,500,0.002,80,26.2,10.9,8.4,1.4,0.5,1.5,0.59,0.133,0.709,7.6,0.175,3.3,1.4,106,allenja01
2019,9T,Patrick Beverley,30,LAC,0,1,500,0.002,78,27.4,7.6,5,3.8,0.9,0.6,0.407,0.397,0.78,4.8,0.108,2,1.2,111,beverpa01
2018,1,Rudy Gobert,25,UTA,89,466,505,0.923,56,32.4,13.5,10.7,1.4,0.8,2.3,0.622,,0.682,8.1,0.214,3.9,2.5,99,goberru01
2018,2,Joel Embiid,23,PHI,2,163,505,0.323,63,30.3,22.9,11,3.2,0.6,1.8,0.483,0.308,0.769,6.2,0.155,3.8,1.3,100,embiijo01
2018,3,Anthony Davis,24,NOP,5,139,505,0.275,75,36.4,28.1,11.1,2.3,1.5,2.6,0.534,0.34,0.828,13.7,0.241,4.9,1.4,102,davisan02
2018,4,Paul George,27,OKC,2,38,505,0.075,79,36.6,21.9,5.7,3.3,2,0.5,0.43,0.401,0.822,8.9,0.147,3.9,0.6,106,georgpa01
2018,5,Al Horford,31,BOS,1,37,505,0.073,72,31.6,12.9,7.4,4.7,0.6,1.1,0.489,0.429,0.783,7.8,0.165,3.8,2,103,horfoal01
2018,6,Draymond Green,27,GSW,1,20,505,0.04,70,32.7,11,7.6,7.3,1.4,1.3,0.454,0.301,0.775,6.1,0.127,3.4,1.9,105,greendr01
2018,7,Jrue Holiday,27,NOP,1,11,505,0.022,81,36.1,19,4.5,6,1.5,0.8,0.494,0.337,0.786,7.1,0.116,2.9,0.3,109,holidjr01
2018,8,Robert Covington,27,PHI,0,8,505,0.016,80,31.7,12.6,5.4,2,1.7,0.9,0.413,0.369,0.853,6.1,0.116,4.5,1.7,103,covinro01
2018,9,Kevin Durant,29,GSW,0,7,505,0.014,68,34.2,26.4,6.8,5.4,0.7,1.8,0.516,0.419,0.889,10.4,0.215,2.9,0.6,107,duranke01
2018,10,Jaylen Brown,21,BOS,0,5,505,0.01,70,30.7,14.5,4.9,1.6,1,0.4,0.465,0.395,0.644,4.5,0.1,3.2,0.3,105,brownja02
2018,11,Klay Thompson,27,GSW,0,4,505,0.008,73,34.3,20,3.8,2.5,0.8,0.5,0.488,0.44,0.837,4.9,0.094,1.8,-2.1,111,thompkl01
2018,12T,Steven Adams,24,OKC,0,3,505,0.006,76,32.7,13.9,9,1.2,1.2,1,0.629,0,0.559,9.7,0.187,3,-0.6,107,adamsst01
2018,12T,Jimmy Butler,28,MIN,0,3,505,0.006,59,36.7,22.2,5.3,4.9,2,0.4,0.474,0.35,0.854,8.9,0.198,1.8,0.7,110,butleji01
2018,14,Clint Capela,23,HOU,0,2,505,0.004,74,27.5,13.9,10.8,0.9,0.8,1.9,0.652,0,0.56,10.2,0.242,4.1,1,101,capelca01
2018,15T,Andre Drummond,24,DET,0,1,505,0.002,78,33.7,15,16,3,1.5,1.6,0.529,0,0.605,10.3,0.189,5.7,1.7,99,drumman01
2018,15T,Jusuf Nurkić,23,POR,0,1,505,0.002,79,26.4,14.3,9,1.8,0.8,1.4,0.505,0,0.63,4.7,0.108,3.9,1.1,101,nurkiju01
2018,15T,Victor Oladipo,25,IND,0,1,505,0.002,75,34,23.1,5.2,4.3,2.4,0.8,0.477,0.371,0.799,8.2,0.155,4,1.7,104,oladivi01
2017,1,Draymond Green,26,GSW,73,434,500,0.868,76,32.5,10.2,7.9,7,2,1.4,0.418,0.308,0.709,8.2,0.16,5.4,3.9,99,greendr01
2017,2,Rudy Gobert,24,UTA,16,269,500,0.538,81,33.9,14,12.8,1.2,0.6,2.6,0.661,0,0.653,14.3,0.25,6,2.2,99,goberru01
2017,3,Kawhi Leonard,25,SAS,11,182,500,0.364,74,33.4,25.5,5.8,3.5,1.8,0.7,0.485,0.38,0.88,13.6,0.264,4.7,2.2,102,leonaka01
2017,4,Robert Covington,26,PHI,0,4,500,0.008,67,31.6,12.9,6.5,1.5,1.9,1,0.399,0.333,0.822,3.1,0.071,3.2,1.4,105,covinro01
2017,5T,LeBron James,32,CLE,0,3,500,0.006,74,37.8,26.4,8.6,8.7,1.2,0.6,0.548,0.363,0.674,12.9,0.221,3,1.2,108,jamesle01
2017,5T,Andre Roberson,25,OKC,0,3,500,0.006,79,30.1,6.6,5.1,1,1.2,1,0.464,0.245,0.423,4.2,0.085,3.1,1.4,106,roberan03
2017,5T,Hassan Whiteside,27,MIA,0,3,500,0.006,77,32.6,17,14.1,0.7,0.7,2.1,0.557,,0.628,9.5,0.181,5.3,0.5,100,whiteha01
2017,8T,LaMarcus Aldridge,31,SAS,0,1,500,0.002,72,32.4,17.3,7.3,1.9,0.6,1.2,0.477,0.411,0.812,7.2,0.149,3.7,0.1,104,aldrila01
2017,8T,Patrick Beverley,28,HOU,0,1,500,0.002,67,30.7,9.5,5.9,4.2,1.5,0.4,0.42,0.382,0.768,5.3,0.123,2.4,1.4,108,beverpa01
2016,1,Kawhi Leonard,24,SAS,84,547,650,0.842,72,33.1,21.2,6.8,2.6,1.8,1,0.506,0.443,0.874,13.7,0.277,5.5,3,96,leonaka01
2016,2,Draymond Green,25,GSW,44,421,650,0.648,81,34.7,14,9.5,7.4,1.5,1.4,0.49,0.388,0.696,11.1,0.19,5.1,2.9,100,greendr01
2016,3,Hassan Whiteside,26,MIA,2,83,650,0.128,73,29.1,14.2,11.8,0.4,0.6,3.7,0.606,,0.65,10.3,0.233,5.3,2.4,95,whiteha01
2016,4,DeAndre Jordan,27,LAC,0,50,650,0.077,77,33.7,12.7,13.8,1.2,0.7,2.3,0.703,0,0.43,11.5,0.213,5.5,1.3,98,jordade01
2016,5,Paul Millsap,30,ATL,0,21,650,0.032,81,32.7,17.1,9,3.3,1.8,1.7,0.47,0.319,0.757,10.1,0.183,6,2.7,96,millspa01
2016,6,Avery Bradley,25,BOS,0,14,650,0.022,76,33.4,15.2,2.9,2.1,1.5,0.3,0.447,0.361,0.78,4.8,0.09,2.8,0.3,106,bradlav01
2016,7,Rudy Gobert,23,UTA,0,13,650,0.02,61,31.7,9.1,11,1.5,0.7,2.2,0.559,,0.569,6.4,0.16,3.8,2.2,99,goberru01
2016,8,Tony Allen,34,MEM,0,5,650,0.008,64,25.3,8.4,4.6,1.1,1.7,0.3,0.458,0.357,0.652,2.4,0.072,1.9,1.2,105,allento01
2016,9,Anthony Davis,22,NOP,0,4,650,0.006,61,35.5,24.3,10.3,1.9,1.3,2,0.493,0.324,0.758,7.2,0.16,2.8,0.4,104,davisan02
2016,10,Andre Drummond,22,DET,0,3,650,0.005,81,32.9,16.2,14.8,0.8,1.5,1.4,0.521,0.333,0.355,7.4,0.133,5.5,0.3,98,drumman01
2016,11T,Jimmy Butler,26,CHI,0,2,650,0.003,67,36.9,20.9,5.3,4.8,1.6,0.6,0.454,0.312,0.832,9.1,0.177,2.7,1.2,106,butleji01
2016,11T,LeBron James,31,CLE,0,2,650,0.003,76,35.6,25.3,7.4,6.8,1.4,0.6,0.52,0.309,0.731,13.6,0.242,4,2,103,jamesle01
2016,13T,Trevor Ariza,30,HOU,0,1,650,0.002,81,35.3,12.7,4.5,2.3,2,0.3,0.416,0.371,0.783,5.4,0.09,2.3,0.3,108,arizatr01
2016,13T,Jae Crowder,25,BOS,0,1,650,0.002,73,31.6,14.2,5.1,1.8,1.7,0.5,0.443,0.336,0.82,7.3,0.152,3.5,1.4,102,crowdja01
2016,13T,Al Horford,29,ATL,0,1,650,0.002,82,32.1,15.2,7.3,3.2,0.8,1.5,0.505,0.344,0.798,9.4,0.172,4.5,1.6,101,horfoal01
2016,13T,Kyle Lowry,29,TOR,0,1,650,0.002,77,37,21.2,4.7,6.4,2.1,0.4,0.427,0.388,0.811,11.6,0.196,3.7,1.1,104,lowryky01
2016,13T,Chris Paul,30,LAC,0,1,650,0.002,74,32.7,19.5,4.2,10,2.1,0.2,0.462,0.371,0.896,12.7,0.253,3.5,2,103,paulch01
2015,1,Kawhi Leonard,23,SAS,37,333,645,0.516,64,31.8,16.5,7.2,2.5,2.3,0.8,0.479,0.349,0.802,8.6,0.204,4.4,3.1,96,leonaka01
2015,2,Draymond Green,24,GSW,45,317,645,0.491,79,31.5,11.7,8.2,3.7,1.6,1.3,0.443,0.337,0.66,8.5,0.163,5.2,2.8,97,greendr01
2015,3,DeAndre Jordan,26,LAC,32,261,645,0.405,82,34.4,11.5,15,0.7,1,2.2,0.71,0.25,0.397,12.8,0.217,5.4,0.7,98,jordade01
2015,4,Anthony Davis,21,NOP,11,107,645,0.166,68,36.1,24.4,10.2,2.2,1.5,2.9,0.535,0.083,0.805,14,0.274,4.2,2.3,100,davisan02
2015,5,Rudy Gobert,22,UTA,2,33,645,0.051,82,26.3,8.4,9.5,1.3,0.8,2.3,0.604,0,0.623,9.3,0.206,4.3,2.5,98,goberru01
2015,6,Andrew Bogut,30,GSW,0,31,645,0.048,67,23.6,6.3,8.1,2.7,0.6,1.7,0.563,,0.524,5.2,0.159,3.4,3.3,97,bogutan01
2015,7,Tony Allen,33,MEM,1,29,645,0.045,63,26.2,8.6,4.4,1.4,2,0.5,0.495,0.345,0.627,4.1,0.119,3.2,3.1,98,allento01
2015,8,Tim Duncan,38,SAS,1,12,645,0.019,77,28.9,13.9,9.1,3,0.8,2,0.512,0.286,0.74,9.6,0.207,4.7,2.8,97,duncati01
2015,9,Michael Kidd-Gilchrist,21,CHO,0,9,645,0.014,55,28.9,10.9,7.6,1.4,0.5,0.7,0.465,,0.701,3.8,0.114,2.2,0.6,103,kiddgmi01
2015,10T,Jimmy Butler,25,CHI,0,7,645,0.011,65,38.7,20,5.8,3.3,1.8,0.6,0.462,0.378,0.834,11.2,0.214,3,1.2,104,butleji01
2015,10T,Marc Gasol,30,MEM,0,7,645,0.011,81,33.2,17.4,7.8,3.8,0.9,1.6,0.494,0.176,0.795,10.2,0.182,4.7,2.4,100,gasolma01
2015,12,Joakim Noah,29,CHI,0,4,645,0.006,67,30.6,7.2,9.6,4.7,0.7,1.1,0.445,0,0.603,5.6,0.13,3.1,2,102,noahjo01
2015,13T,Trevor Ariza,29,HOU,0,3,645,0.005,82,35.7,12.8,5.6,2.5,1.9,0.2,0.402,0.35,0.853,6.6,0.108,3.9,1.1,103,arizatr01
2015,13T,LeBron James,30,CLE,0,3,645,0.005,69,36.1,25.3,6,7.4,1.6,0.7,0.488,0.354,0.71,10.4,0.199,2.9,1,105,jamesle01
2015,15T,Patrick Beverley,26,HOU,0,1,645,0.002,56,30.8,10.1,4.2,3.4,1.1,0.4,0.383,0.356,0.75,3.5,0.096,1.8,0.5,106,beverpa01
2015,15T,DeMarre Carroll,28,ATL,0,1,645,0.002,70,31.3,12.6,5.3,1.7,1.3,0.2,0.487,0.395,0.702,7,0.154,2.8,0.4,104,carrode01
2015,15T,Nerlens Noel,20,PHI,0,1,645,0.002,75,30.8,9.9,8.1,1.7,1.8,1.9,0.462,,0.609,4,0.083,4.2,2.3,99,noelne01
2015,15T,Chris Paul,29,LAC,0,1,645,0.002,82,34.8,19.1,4.6,10.2,1.9,0.2,0.485,0.398,0.9,16.1,0.27,3.2,1.6,105,paulch01
2015,15T,Hassan Whiteside,25,MIA,0,1,645,0.002,48,23.8,11.8,10,0.1,0.6,2.6,0.628,,0.5,5.3,0.221,2.4,1.6,97,whiteha01
2014,1,Joakim Noah,28,CHI,100,555,625,0.888,80,35.3,12.6,11.3,5.4,1.2,1.5,0.475,0,0.737,11.2,0.19,6.6,3.6,96,noahjo01
2014,2,Roy Hibbert,27,IND,8,166,625,0.266,81,29.7,10.8,6.6,1.1,0.4,2.2,0.439,0.4,0.77,5.4,0.108,5,1.5,98,hibbero01
2014,3,DeAndre Jordan,25,LAC,8,121,625,0.194,82,35,10.4,13.6,0.9,1,2.5,0.676,,0.428,11.1,0.186,5.8,1.6,98,jordade01
2014,4,Serge Ibaka,24,OKC,2,79,625,0.126,81,32.9,15.1,8.8,1,0.5,2.7,0.536,0.383,0.784,9.6,0.173,4.4,0.6,102,ibakase01
2014,5,Andre Iguodala,30,GSW,1,47,625,0.075,63,32.4,9.3,4.7,4.2,1.5,0.3,0.48,0.354,0.652,5.8,0.135,3.1,2.4,103,iguodan01
2014,6,LeBron James,29,MIA,2,31,625,0.05,77,37.7,27.1,6.9,6.3,1.6,0.3,0.567,0.379,0.75,15.9,0.264,3.7,1.1,105,jamesle01
2014,7,Paul George,23,IND,0,30,625,0.048,80,36.2,21.7,6.8,3.5,1.9,0.3,0.424,0.364,0.864,10.8,0.178,6.4,2.1,97,georgpa01
2014,8T,Anthony Davis,20,NOP,1,25,625,0.04,67,35.2,20.8,10,1.6,1.3,2.8,0.519,0.222,0.791,10.4,0.212,3.2,0.8,104,davisan02
2014,8T,Dwight Howard,28,HOU,1,25,625,0.04,71,33.7,18.3,12.2,1.8,0.8,1.8,0.591,0.286,0.547,8,0.161,4.1,0.8,101,howardw01
2014,10,Andrew Bogut,29,GSW,1,11,625,0.018,67,26.4,7.3,10,1.7,0.7,1.8,0.627,,0.344,6.5,0.176,4,3.2,96,bogutan01
2014,11,Kawhi Leonard,22,SAS,0,9,625,0.014,66,29.1,12.8,6.2,2,1.7,0.8,0.522,0.379,0.802,7.7,0.193,3.9,3,98,leonaka01
2014,12,P.J. Tucker,28,PHO,1,6,625,0.01,81,30.7,9.4,6.5,1.7,1.4,0.3,0.431,0.387,0.776,6.1,0.117,2.8,0.9,106,tuckepj01
2014,13T,Tim Duncan,37,SAS,0,5,625,0.008,74,29.2,15.1,9.7,3,0.6,1.9,0.49,0,0.731,7.4,0.164,4.6,2.1,98,duncati01
2014,13T,Chris Paul,28,LAC,0,5,625,0.008,62,35,19.1,4.3,10.7,2.5,0.1,0.467,0.368,0.855,12.2,0.27,3.2,2.6,103,paulch01
2014,15T,Trevor Ariza,28,WAS,0,4,625,0.006,77,35.4,14.4,6.2,2.5,1.6,0.3,0.456,0.407,0.772,8,0.141,3.7,1,104,arizatr01
2014,15T,Marc Gasol,29,MEM,0,4,625,0.006,59,33.4,14.6,7.2,3.6,1,1.3,0.473,0.182,0.768,5.6,0.137,3.1,2,102,gasolma01
2014,17,Patrick Beverley,25,HOU,0,2,625,0.003,56,31.3,10.2,3.5,2.7,1.4,0.4,0.414,0.361,0.814,4.2,0.116,1.6,0.9,108,beverpa01
2013,1,Marc Gasol,28,MEM,30,212,605,0.35,80,35,14.1,7.8,4,1,1.7,0.494,0.071,0.848,11.5,0.197,5.4,3.1,98,gasolma01
2013,2,LeBron James,28,MIA,18,149,605,0.246,76,37.9,26.8,8,7.3,1.7,0.9,0.565,0.406,0.753,19.3,0.322,4.7,2.4,101,jamesle01
2013,3,Serge Ibaka,23,OKC,14,122,605,0.202,80,31.1,13.2,7.7,0.5,0.4,3,0.573,0.351,0.749,9.4,0.181,4.1,0.7,101,ibakase01
2013,4,Joakim Noah,27,CHI,13,107,605,0.177,66,36.8,11.9,11.1,4,1.2,2.1,0.481,0,0.751,7.3,0.145,4.7,2.7,99,noahjo01
2013,5,Tony Allen,31,MEM,9,102,605,0.169,79,26.7,8.9,4.6,1.2,1.5,0.6,0.445,0.125,0.717,5.1,0.115,4.1,2.4,98,allento01
2013,6,Tim Duncan,36,SAS,11,94,605,0.155,69,30.1,17.8,9.9,2.7,0.7,2.7,0.502,0.286,0.817,8.3,0.191,4.9,2.9,95,duncati01
2013,7,Larry Sanders,24,MIL,4,90,605,0.149,71,27.3,9.8,9.5,1.2,0.7,2.8,0.506,0,0.618,6,0.149,3.7,2,99,sandela01
2013,8,Paul George,22,IND,8,57,605,0.094,79,37.6,17.4,7.6,4.1,1.8,0.6,0.419,0.362,0.807,9,0.145,6.3,2.3,97,georgpa01
2013,9,Andre Iguodala,29,DEN,5,43,605,0.071,80,34.7,13,5.3,5.4,1.7,0.7,0.451,0.317,0.574,5.6,0.097,3.2,1.4,105,iguodan01
2013,10,Roy Hibbert,26,IND,3,36,605,0.06,79,28.7,11.9,8.3,1.4,0.5,2.6,0.448,0.25,0.741,6.1,0.129,4.9,1.4,97,hibbero01
2013,11,Chris Paul,27,LAC,2,19,605,0.031,70,33.4,16.9,3.7,9.7,2.4,0.1,0.481,0.328,0.885,13.9,0.287,3.4,2.4,102,paulch01
2013,12,Avery Bradley,22,BOS,2,15,605,0.025,50,28.7,9.2,2.2,2.1,1.3,0.4,0.402,0.317,0.755,0.4,0.012,1.6,0.3,105,bradlav01
2013,13,Tyson Chandler,30,NYK,0,11,605,0.018,66,32.8,10.4,10.7,0.9,0.6,1.1,0.638,,0.694,9.3,0.207,2.6,-0.3,104,chandty01
2013,14,Dwight Howard,27,LAL,1,9,605,0.015,76,35.8,17.1,12.4,1.4,1.1,2.4,0.578,0.167,0.492,7.6,0.134,4.8,1.1,100,howardw01
2013,15,Luol Deng,27,CHI,1,6,605,0.01,75,38.7,16.5,6.3,3,1.1,0.4,0.426,0.322,0.816,6.3,0.105,3.3,-0.3,105,denglu01
2013,16,Dwyane Wade,31,MIA,0,4,605,0.007,69,34.7,21.2,5,5.1,1.9,0.8,0.521,0.258,0.725,9.6,0.192,3.5,0.7,103,wadedw01
2013,17T,Trevor Ariza,27,WAS,0,3,605,0.005,56,26.3,9.5,4.8,2,1.3,0.4,0.417,0.364,0.821,3.1,0.102,2.4,2,101,arizatr01
2013,17T,Jimmy Butler,23,CHI,0,3,605,0.005,82,26,8.6,4,1.4,1,0.4,0.467,0.381,0.803,7,0.158,2.6,1,104,butleji01
2013,17T,Kenneth Faried,23,DEN,0,3,605,0.005,80,28.1,11.5,9.2,1,1,1,0.552,,0.613,7.8,0.167,3.4,0.2,102,farieke01
2013,17T,Russell Westbrook,24,OKC,0,3,605,0.005,82,34.9,23.2,5.2,7.4,1.8,0.3,0.438,0.323,0.8,11.6,0.195,3.9,-0.2,103,westbru01
2013,21,Mike Conley,25,MEM,0,1,605,0.002,80,34.5,14.6,2.8,6.1,2.2,0.3,0.44,0.362,0.83,9.9,0.172,4.7,2.3,100,conlemi01
2012,1,Tyson Chandler,29,NYK,45,311,605,0.514,62,33.2,11.3,9.9,0.9,0.9,1.4,0.679,0,0.689,9.5,0.22,3.6,1.1,99,chandty01
2012,2,Serge Ibaka,22,OKC,41,294,605,0.486,66,27.2,9.1,7.5,0.4,0.5,3.7,0.535,0.333,0.661,6.2,0.167,3.2,2.3,98,ibakase01
2012,3,Dwight Howard,26,ORL,18,186,605,0.307,54,38.3,20.6,14.5,1.9,1.5,2.1,0.573,0,0.491,7.7,0.179,4.4,2,96,howardw01
2012,4,LeBron James,27,MIA,7,112,605,0.185,62,37.5,27.1,7.9,6.2,1.9,0.8,0.531,0.362,0.771,14.5,0.298,4.5,2.7,97,jamesle01
2012,5,Kevin Garnett,35,BOS,2,44,605,0.073,60,31.1,15.8,8.2,2.9,0.9,1,0.503,0.333,0.857,6.9,0.178,4.3,2.5,94,garneke01
2012,6,Tony Allen,30,MEM,4,36,605,0.06,58,26.3,9.8,4,1.4,1.8,0.6,0.469,0.308,0.8,4.2,0.131,2.5,2.3,100,allento01
2012,7,Andre Iguodala,28,PHI,1,33,605,0.055,62,35.6,12.4,6.1,5.5,1.7,0.5,0.454,0.394,0.617,7.3,0.158,4.2,2.5,98,iguodan01
2012,8,Shawn Marion,33,DAL,2,17,605,0.028,63,30.5,10.6,7.4,2.1,1.1,0.6,0.446,0.294,0.796,3.7,0.092,2.7,0.6,102,mariosh01
2012,9,Luol Deng,26,CHI,1,16,605,0.026,54,39.4,15.3,6.5,2.9,1,0.7,0.412,0.367,0.77,5.8,0.132,3.6,1.1,100,denglu01
2012,10,Josh Smith,26,ATL,0,9,605,0.015,66,35.3,18.8,9.6,3.9,1.4,1.7,0.458,0.257,0.63,6.8,0.139,4.9,2.1,96,smithjo03
2012,11,Joakim Noah,26,CHI,0,6,605,0.01,64,30.4,10.2,9.8,2.5,0.6,1.4,0.508,0,0.748,9,0.223,4.2,2.1,96,noahjo01
2012,12T,Marc Gasol,27,MEM,0,5,605,0.008,65,36.5,14.6,8.9,3.1,1,1.9,0.482,0.083,0.748,8.2,0.166,4,2.1,99,gasolma01
2012,12T,Chris Paul,26,LAC,0,5,605,0.008,60,36.4,19.8,3.6,9.1,2.5,0.1,0.478,0.371,0.861,12.7,0.278,2.3,2.4,104,paulch01
2012,14T,Avery Bradley,21,BOS,0,2,605,0.003,64,21.4,7.6,1.8,1.4,0.7,0.2,0.498,0.407,0.795,2.4,0.085,1.9,0.7,102,bradlav01
2012,14T,Mike Conley,24,MEM,0,2,605,0.003,62,35.1,12.7,2.5,6.5,2.2,0.2,0.433,0.377,0.861,6.4,0.141,2.8,1.4,102,conlemi01
2012,14T,Grant Hill,39,PHO,0,2,605,0.003,49,28.1,10.2,3.5,2.2,0.8,0.6,0.446,0.264,0.761,1.6,0.055,0.9,0.5,107,hillgr01
2012,14T,Iman Shumpert,21,NYK,0,2,605,0.003,59,28.9,9.5,3.2,2.8,1.7,0.1,0.401,0.306,0.798,2.4,0.068,2.5,1.6,101,shumpim01
2012,18T,Greg Monroe,21,DET,0,1,605,0.002,66,31.5,15.4,9.7,2.3,1.3,0.7,0.521,0,0.739,7,0.161,2.7,0.1,102,monrogr01
2012,18T,Dwyane Wade,30,MIA,0,1,605,0.002,49,33.2,22.1,4.8,4.6,1.7,1.3,0.497,0.268,0.791,7.7,0.227,2.9,1.9,99,wadedw01
2012,18T,Russell Westbrook,23,OKC,0,1,605,0.002,66,35.3,23.6,4.6,5.5,1.7,0.3,0.457,0.316,0.823,7.9,0.163,2.4,-0.7,105,westbru01
2011,1,Dwight Howard,25,ORL,114,585,600,0.975,78,37.6,22.9,14.1,1.4,1.4,2.4,0.593,0,0.596,14.4,0.235,7.7,2.4,94,howardw01
2011,2,Kevin Garnett,34,BOS,1,77,600,0.128,71,31.3,14.9,8.9,2.4,1.3,0.8,0.528,0.2,0.862,9,0.194,5.6,2.9,95,garneke01
2011,3,Tyson Chandler,28,DAL,0,70,600,0.117,74,27.8,10.1,9.4,0.4,0.5,1.1,0.654,,0.732,9.4,0.218,3.5,1,102,chandty01
2011,4,Tony Allen,29,MEM,0,53,600,0.088,72,20.8,8.9,2.7,1.4,1.8,0.6,0.51,0.174,0.753,4.7,0.152,2.7,3.5,101,allento01
2011,5,Rajon Rondo,24,BOS,0,45,600,0.075,68,37.2,10.6,4.4,11.2,2.3,0.2,0.475,0.233,0.568,6.6,0.126,4.8,1.4,100,rondora01
2011,6,Andrew Bogut,26,MIL,0,32,600,0.053,65,35.3,12.8,11.1,2,0.7,2.6,0.495,0,0.442,5.4,0.112,5.1,2.4,97,bogutan01
2011,7,Grant Hill,38,PHO,1,30,600,0.05,80,30.1,13.2,4.2,2.5,0.8,0.4,0.484,0.395,0.829,4.4,0.087,1.3,-0.3,111,hillgr01
2011,8,Andre Iguodala,27,PHI,0,29,600,0.048,67,36.9,14.1,5.8,6.3,1.5,0.6,0.445,0.337,0.693,6.7,0.13,3.5,1.6,104,iguodan01
2011,9,LeBron James,26,MIA,0,25,600,0.042,79,38.8,26.7,7.5,7,1.6,0.6,0.51,0.33,0.759,15.6,0.244,5.3,1.8,102,jamesle01
2011,10,Luol Deng,25,CHI,0,24,600,0.04,82,39.1,17.4,5.8,2.8,1,0.6,0.46,0.345,0.753,9.9,0.149,5.2,0.6,102,denglu01
2011,11,Kobe Bryant,32,LAL,0,18,600,0.03,82,33.9,25.3,5.1,4.7,1.2,0.1,0.451,0.323,0.828,10.3,0.178,3.5,-0.2,105,bryanko01
2011,12T,Chuck Hayes,27,HOU,2,13,600,0.022,74,28.1,7.9,8.1,2.7,1.1,0.7,0.527,0,0.662,6.3,0.146,2.4,1.3,106,hayesch01
2011,12T,Chris Paul,25,NOH,0,13,600,0.022,80,36,15.9,4.1,9.8,2.4,0.1,0.463,0.388,0.878,13.9,0.232,4.4,2.8,103,paulch01
2011,14,Serge Ibaka,21,OKC,0,12,600,0.02,82,27,9.9,7.6,0.3,0.4,2.4,0.543,0,0.75,7.6,0.164,3.2,0.7,104,ibakase01
2011,15,Joakim Noah,25,CHI,1,11,600,0.018,48,32.8,11.7,10.4,2.2,1,1.5,0.525,0,0.739,6.7,0.205,3.6,2.1,97,noahjo01
2011,16,Dwyane Wade,29,MIA,0,8,600,0.013,76,37.1,25.5,6.4,4.6,1.5,1.1,0.5,0.306,0.758,12.8,0.218,4.7,1.1,102,wadedw01
2011,17,Tim Duncan,34,SAS,0,7,600,0.012,76,28.4,13.4,8.9,2.7,0.7,1.9,0.5,0,0.716,7.7,0.171,4,2.2,100,duncati01
2011,18,Metta World Peace,31,LAL,0,6,600,0.01,82,29.4,8.5,3.3,2.1,1.5,0.4,0.397,0.356,0.676,4.4,0.088,3.2,1.5,105,artesro01
2011,19T,Keith Bogans,30,CHI,1,5,600,0.008,82,17.8,4.4,1.8,1.2,0.5,0.1,0.404,0.38,0.656,3.6,0.118,2.2,1.4,103,boganke01
2011,19T,JaVale McGee,23,WAS,0,5,600,0.008,79,27.8,10.1,8,0.5,0.5,2.4,0.55,0,0.583,5.3,0.115,2.5,0.4,106,mcgeeja01
2011,21,Thabo Sefolosha,26,OKC,0,4,600,0.007,79,25.9,5.1,4.4,1.4,1.2,0.5,0.471,0.275,0.747,4.1,0.097,2.5,1.9,106,sefolth01
2011,22,Andrew Bynum,23,LAL,0,3,600,0.005,54,27.8,11.3,9.4,1.4,0.4,2,0.574,,0.66,6.6,0.21,2.8,1.4,100,bynuman01
2011,23T,Kenyon Martin,33,DEN,0,2,600,0.003,48,25.7,8.6,6.2,2.3,0.9,0.7,0.511,0.222,0.583,2.7,0.104,1.6,1.7,105,martike01
2011,23T,Gerald Wallace,28,TOT,0,2,600,0.003,71,37.9,15.7,8,2.4,1.5,0.9,0.454,0.333,0.746,6.2,0.111,3.6,1.1,105,wallage01
2011,25,Josh Smith,25,ATL,0,1,600,0.002,77,34.4,16.5,8.5,3.3,1.3,1.6,0.477,0.331,0.725,6.4,0.116,4.5,1.7,102,smithjo03
2010,1,Dwight Howard,24,ORL,110,576,610,0.944,82,34.7,18.3,13.2,1.8,0.9,2.8,0.612,0,0.592,13.2,0.223,7.1,2.8,95,howardw01
2010,2,Josh Smith,24,ATL,3,136,610,0.223,81,35.4,15.7,8.7,4.2,1.6,2.1,0.505,0,0.618,9.3,0.155,5.1,2.7,101,smithjo03
2010,3,Gerald Wallace,27,CHA,1,113,610,0.185,76,41,18.2,10,2.1,1.5,1.1,0.484,0.371,0.776,11.5,0.177,6.2,1.7,100,wallage01
2010,4,LeBron James,25,CLE,4,61,610,0.1,76,39,29.7,7.3,8.6,1.6,1,0.503,0.333,0.767,18.5,0.299,5.2,2.8,102,jamesle01
2010,5,Rajon Rondo,23,BOS,1,55,610,0.09,81,36.6,13.7,4.4,9.8,2.3,0.1,0.508,0.213,0.621,9.6,0.156,4.7,1.4,103,rondora01
2010,6,Metta World Peace,30,LAL,0,29,610,0.048,77,33.8,11,4.3,3,1.4,0.3,0.414,0.355,0.688,5.3,0.098,3.5,1.1,105,artesro01
2010,7,Andrew Bogut,25,MIL,1,23,610,0.038,69,32.3,15.9,10.2,1.8,0.6,2.5,0.52,0,0.629,7.5,0.161,4.8,2.2,98,bogutan01
2010,8,Thabo Sefolosha,25,OKC,2,20,610,0.033,82,28.6,6,4.7,1.8,1.2,0.6,0.44,0.313,0.674,4,0.082,3.4,2,104,sefolth01
2010,9,Anderson Varejão,27,CLE,0,18,610,0.03,76,28.5,8.6,7.6,1.1,0.9,0.9,0.572,0.2,0.663,8.1,0.179,3.8,1.2,102,varejan01
2010,10T,Marcus Camby,35,TOT,0,13,610,0.021,74,31.3,7.5,11.8,2.5,1.3,2,0.475,0.286,0.639,6.8,0.142,4.3,2.6,101,cambyma01
2010,10T,Dwyane Wade,28,MIA,0,13,610,0.021,77,36.3,26.6,4.8,6.5,1.8,1.1,0.476,0.3,0.761,13,0.224,4.6,2.1,103,wadedw01
2010,12,Kobe Bryant,31,LAL,0,9,610,0.015,73,38.8,27,5.4,5,1.5,0.3,0.456,0.329,0.811,9.4,0.16,4,0.2,104,bryanko01
2010,13,Shawn Marion,31,DAL,0,8,610,0.013,75,31.8,12,6.4,1.4,0.9,0.8,0.508,0.158,0.755,5,0.1,2.8,0.1,106,mariosh01
2010,14,Tim Duncan,33,SAS,0,7,610,0.011,78,31.3,17.9,10.1,3.2,0.6,1.5,0.518,0.182,0.725,10.9,0.215,4.5,1.8,101,duncati01
2010,15,Shane Battier,31,HOU,0,5,610,0.008,67,32.4,8,4.7,2.4,0.8,1.1,0.398,0.362,0.726,4.3,0.095,2.1,1.4,108,battish01
2010,16,Andrei Kirilenko,28,UTA,0,4,610,0.007,58,29,11.9,4.6,2.7,1.4,1.2,0.506,0.292,0.744,6,0.171,2.7,2.4,103,kirilan01
2010,17T,Arron Afflalo,24,DEN,0,1,610,0.002,82,27.1,8.8,3.1,1.7,0.6,0.4,0.465,0.434,0.735,4.3,0.092,1.4,-0.2,111,afflaar01
2010,17T,Matt Barnes,29,ORL,0,1,610,0.002,81,25.9,8.8,5.5,1.7,0.7,0.4,0.487,0.319,0.74,5.9,0.135,3.4,1.3,103,barnema02
2010,17T,Brendan Haywood,30,TOT,0,1,610,0.002,77,30.6,9.1,9.3,0.6,0.3,2.1,0.562,0,0.62,6.7,0.137,3,0.2,106,haywobr01
2010,17T,David Lee,26,NYK,0,1,610,0.002,81,37.3,20.2,11.7,3.6,1,0.5,0.545,0,0.812,10.3,0.163,2.9,0,108,leeda02
2010,17T,Kenyon Martin,32,DEN,0,1,610,0.002,58,34.2,11.5,9.4,1.9,1.2,1.1,0.456,0.276,0.557,3.3,0.079,2.8,0.5,104,martike01
2010,17T,Luc Mbah a Moute,23,MIL,0,1,610,0.002,73,25.6,6.2,5.5,1.1,0.8,0.5,0.48,0.353,0.699,4.7,0.122,3,1.5,103,mbahalu01
2010,17T,Kendrick Perkins,25,BOS,0,1,610,0.002,78,27.6,10.1,7.6,1,0.3,1.7,0.602,0,0.582,5.2,0.117,3.8,1,101,perkike01
2010,17T,Ben Wallace,35,DET,0,1,610,0.002,69,28.6,5.5,8.7,1.5,1.2,1.2,0.541,0,0.406,4.7,0.115,2.3,1.2,106,wallabe01
2009,,,,,Voting,Voting,Voting,Voting,,Per Game,Per Game,Per Game,Per Game,Per Game,Per Game,Shooting,Shooting,Shooting,Advanced,Advanced,Advanced,Advanced,Advanced,#NAME?
2009,Rank,Player,Age,Tm,First,Pts Won,Pts Max,Share,G,MP,PTS,TRB,AST,STL,BLK,FG%,3P%,FT%,WS,WS/48,DWS,DBPM,DRtg,-9999
2009,1,Dwight Howard,23,ORL,105,542,595,0.911,79,35.7,20.6,13.8,1.4,1,2.9,0.572,0,0.594,13.8,0.234,7.6,2.4,95,howardw01
2009,2,LeBron James,24,CLE,4,148,595,0.249,81,37.7,28.4,7.6,7.2,1.7,1.1,0.489,0.344,0.78,20.3,0.318,6.5,3.7,99,jamesle01
2009,3,Dwyane Wade,27,MIA,3,90,595,0.151,79,38.6,30.2,5,7.5,2.2,1.3,0.491,0.317,0.765,14.7,0.232,4.4,2.4,105,wadedw01
2009,4,Shane Battier,30,HOU,2,71,595,0.119,60,33.9,7.3,4.8,2.3,0.8,0.9,0.41,0.384,0.821,5.2,0.123,2.9,1.9,105,battish01
2009,5,Metta World Peace,29,HOU,1,54,595,0.091,69,35.5,17.1,5.2,3.3,1.5,0.3,0.401,0.399,0.748,5.5,0.108,4,1.2,103,artesro01
2009,6,Chris Paul,23,NOH,1,49,595,0.082,78,38.5,22.8,5.5,11,2.8,0.1,0.503,0.364,0.868,18.3,0.292,5,3.8,103,paulch01
2009,7,Kobe Bryant,30,LAL,2,43,595,0.072,82,36.1,26.8,5.2,4.9,1.5,0.5,0.467,0.351,0.856,12.7,0.206,4,0.3,106,bryanko01
2009,8,Kevin Garnett,32,BOS,1,31,595,0.052,57,31.1,15.8,8.5,2.5,1.1,1.2,0.531,0.25,0.841,7.1,0.193,4.1,3,98,garneke01
2009,9,Chris Andersen,30,DEN,0,10,595,0.017,71,20.6,6.4,6.2,0.4,0.6,2.5,0.548,0.2,0.718,5.4,0.176,2.8,2.4,101,anderch01
2009,10,Rajon Rondo,22,BOS,0,8,595,0.013,80,33,11.9,5.2,8.2,1.9,0.1,0.505,0.313,0.642,9.9,0.179,5.1,2.1,101,rondora01
2009,11,Tim Duncan,32,SAS,0,7,595,0.012,75,33.7,19.3,10.7,3.5,0.5,1.7,0.504,0,0.692,10.1,0.191,5,2,100,duncati01
2009,12,Raja Bell,32,TOT,0,4,595,0.007,67,34.6,11.9,3.6,2.1,0.7,0.1,0.437,0.421,0.853,3.6,0.074,1.6,-0.4,111,bellra01
2009,13T,Andre Iguodala,25,PHI,0,3,595,0.005,82,39.9,18.8,5.7,5.3,1.6,0.4,0.473,0.307,0.724,9.2,0.134,3.5,0.6,108,iguodan01
2009,13T,Anderson Varejão,26,CLE,0,3,595,0.005,81,28.5,8.6,7.2,1,0.9,0.8,0.536,0,0.616,8,0.166,4.7,1.6,100,varejan01
2009,15,Ronny Turiaf,26,GSW,0,2,595,0.003,79,21.5,5.9,4.6,2.1,0.4,2.1,0.508,0,0.79,3.6,0.101,1.4,2.3,110,turiaro01
2009,16T,Trevor Ariza,23,LAL,0,1,595,0.002,82,24.4,8.9,4.3,1.8,1.7,0.3,0.46,0.319,0.71,6.1,0.146,3.5,2.2,102,arizatr01
2009,16T,Marcus Camby,34,LAC,0,1,595,0.002,62,31,10.3,11.1,2,0.8,2.1,0.512,0.25,0.725,5.2,0.129,2.9,1.8,104,cambyma01
2009,16T,Grant Hill,36,PHO,0,1,595,0.002,82,29.8,12,4.9,2.3,1.1,0.7,0.523,0.316,0.808,5.3,0.104,1.9,0.4,111,hillgr01
2009,16T,Joel Przybilla,29,POR,0,1,595,0.002,82,23.8,5.5,8.7,0.3,0.4,1.2,0.625,0,0.663,6.6,0.163,3.4,1.2,102,przybjo01
2009,16T,Josh Smith,23,ATL,0,1,595,0.002,69,35.1,15.6,7.2,2.4,1.4,1.6,0.492,0.299,0.588,4.9,0.097,3.6,1.4,104,smithjo03
2009,16T,Hedo Türkoğlu,29,ORL,0,1,595,0.002,77,36.6,16.8,5.3,4.9,0.8,0.2,0.413,0.356,0.807,7.3,0.125,4.4,0.7,104,turkohe01
2008,1,Kevin Garnett,31,BOS,90,493,620,0.795,71,32.8,18.8,9.2,3.4,1.4,1.3,0.539,0,0.801,12.9,0.265,6.2,3.5,94,garneke01
2008,2,Marcus Camby,33,DEN,12,178,620,0.287,79,34.9,9.1,13.1,3.3,1.1,3.6,0.45,0.3,0.708,8.5,0.148,5.9,3.3,98,cambyma01
2008,3,Shane Battier,29,HOU,11,175,620,0.282,80,36.3,9.3,5.1,1.9,1,1.1,0.428,0.377,0.743,8.2,0.135,4.6,1.9,103,battish01
2008,4,Bruce Bowen,36,SAS,7,80,620,0.129,81,30.2,6,2.9,1.1,0.7,0.3,0.407,0.419,0.652,4.4,0.085,3.4,1.5,105,bowenbr01
2008,5,Kobe Bryant,29,LAL,0,40,620,0.065,82,38.9,28.3,6.3,5.4,1.8,0.5,0.459,0.361,0.84,13.8,0.208,4.3,0.6,105,bryanko01
2008,6,Josh Smith,22,ATL,1,34,620,0.055,81,35.5,17.2,8.2,3.4,1.5,2.8,0.457,0.253,0.71,5.8,0.097,4.6,2.5,103,smithjo03
2008,7T,Dwight Howard,22,ORL,1,24,620,0.039,82,37.7,20.7,14.2,1.3,0.9,2.1,0.599,0,0.59,12.9,0.2,6.4,1.2,99,howardw01
2008,7T,Chris Paul,22,NOH,1,24,620,0.039,80,37.6,21.1,4,11.6,2.7,0.1,0.488,0.369,0.851,17.8,0.284,4.6,3.2,103,paulch01
2008,9,Tim Duncan,31,SAS,0,22,620,0.035,78,34,19.3,11.3,2.8,0.7,1.9,0.497,0,0.73,11.1,0.201,6.2,2.2,97,duncati01
2008,10,Tayshaun Prince,27,DET,0,13,620,0.021,82,32.9,13.2,4.9,3.3,0.5,0.4,0.448,0.363,0.768,7.5,0.133,3.2,-0.1,106,princta01
2008,11,Tyson Chandler,25,NOH,1,10,620,0.016,79,35.2,11.8,11.7,1,0.6,1.1,0.623,0,0.593,10,0.172,4.1,-0.2,104,chandty01
2008,12,Rasheed Wallace,33,DET,0,9,620,0.015,77,30.5,12.7,6.6,1.8,1.2,1.7,0.432,0.356,0.767,7.6,0.155,5.1,2.6,98,wallara01
2008,13T,Raja Bell,31,PHO,0,3,620,0.005,75,35.3,11.9,3.7,2.2,0.7,0.4,0.421,0.401,0.868,4.5,0.082,1.5,-0.5,111,bellra01
2008,13T,Samuel Dalembert,26,PHI,0,3,620,0.005,82,33.2,10.5,10.4,0.5,0.5,2.3,0.513,0,0.707,6.9,0.121,4.3,0.5,103,dalemsa01
2008,13T,Richard Hamilton,29,DET,0,3,620,0.005,72,33.7,17.3,3.3,4.2,1,0.1,0.484,0.44,0.833,7.7,0.152,2.9,0.1,106,hamilri01
2008,16T,Chauncey Billups,31,DET,0,1,620,0.002,78,32.3,17,2.7,6.8,1.3,0.2,0.448,0.401,0.918,13.5,0.257,3.4,1.2,105,billuch01
2008,16T,Andrei Kirilenko,26,UTA,0,1,620,0.002,72,30.8,11,4.7,4,1.2,1.5,0.506,0.379,0.77,7.1,0.154,2.8,2,105,kirilan01
2008,16T,Kyle Lowry,21,MEM,0,1,620,0.002,82,25.5,9.6,3,3.6,1.1,0.3,0.432,0.257,0.698,3.4,0.078,1.3,0.3,111,lowryky01
2008,16T,Rajon Rondo,21,BOS,0,1,620,0.002,77,29.9,10.6,4.2,5.1,1.7,0.2,0.492,0.263,0.611,7.2,0.15,4.9,2.6,98,rondora01
2008,16T,Metta World Peace,28,SAC,0,1,620,0.002,57,38.1,20.5,5.8,3.5,2.3,0.7,0.453,0.38,0.719,4.7,0.103,2.2,0.7,108,artesro01
2007,1,Marcus Camby,32,DEN,70,431,650,0.663,70,33.8,11.2,11.7,3.2,1.2,3.3,0.473,0,0.729,7.6,0.155,5.1,3.9,97,cambyma01
2007,2,Bruce Bowen,35,SAS,22,206,650,0.317,82,30,6.2,2.7,1.4,0.8,0.3,0.405,0.384,0.589,4.1,0.079,3.6,1.4,103,bowenbr01
2007,3,Tim Duncan,30,SAS,15,158,650,0.243,80,34.1,20,10.6,3.4,0.8,2.4,0.546,0.111,0.637,13,0.23,6.8,3.2,94,duncati01
2007,4,Shawn Marion,28,PHO,7,93,650,0.143,80,37.6,17.5,9.8,1.7,2,1.5,0.524,0.317,0.81,12,0.191,5.3,1.9,100,mariosh01
2007,5,Shane Battier,28,HOU,7,86,650,0.132,82,36.4,10.1,4.1,2.1,1,0.7,0.446,0.421,0.779,9,0.144,4.6,2,102,battish01
2007,6,Ben Wallace,32,CHI,1,42,650,0.065,77,35,6.4,10.7,2.4,1.4,2,0.453,0.2,0.408,8.2,0.146,6.6,3.3,95,wallabe01
2007,7,Gerald Wallace,24,CHA,3,27,650,0.042,72,36.7,18.1,7.2,2.6,2,1,0.502,0.325,0.691,7.7,0.141,3.5,1.5,104,wallage01
2007,8,Metta World Peace,27,SAC,1,20,650,0.031,70,37.7,18.8,6.5,3.4,2.1,0.6,0.44,0.358,0.74,6.7,0.122,3.1,0.9,105,artesro01
2007,9,Tyson Chandler,24,NOK,0,15,650,0.023,73,34.6,9.5,12.4,0.9,0.5,1.8,0.624,0,0.527,7.9,0.15,3.8,0.7,103,chandty01
2007,10,Jermaine O'Neal,28,IND,1,11,650,0.017,69,35.6,19.4,9.6,2.4,0.7,2.6,0.436,0,0.767,4.7,0.091,4.1,1.2,101,onealje01
2007,11T,Emeka Okafor,24,CHA,0,10,650,0.015,67,34.8,14.4,11.3,1.2,0.9,2.6,0.532,,0.593,7.1,0.147,3.6,0.9,102,okafoem01
2007,11T,Tayshaun Prince,26,DET,0,10,650,0.015,82,36.6,14.3,5.2,2.8,0.6,0.7,0.46,0.386,0.768,8,0.128,2.9,-0.4,107,princta01
2007,13T,Kevin Garnett,30,MIN,0,7,650,0.011,76,39.4,22.4,12.8,4.1,1.2,1.7,0.476,0.214,0.835,10.7,0.171,4.9,1.7,101,garneke01
2007,13T,Kirk Hinrich,26,CHI,0,7,650,0.011,80,35.5,16.6,3.4,6.3,1.3,0.3,0.448,0.415,0.835,10.1,0.171,4.6,1.1,102,hinriki01
2007,13T,Andrei Kirilenko,25,UTA,0,7,650,0.011,70,29.3,8.3,4.7,2.9,1.1,2.1,0.471,0.213,0.728,4.4,0.104,2.9,3.1,103,kirilan01
2007,16T,Dwight Howard,21,ORL,1,6,650,0.009,82,36.9,17.6,12.3,1.9,0.9,1.9,0.603,0.5,0.586,9.7,0.154,5.8,1.1,99,howardw01
2007,16T,Quinton Ross,25,LAC,1,6,650,0.009,81,21,5.2,2.3,1.1,0.9,0.4,0.467,0.2,0.782,3.2,0.09,1.8,1.4,106,rossqu01
2007,18T,Udonis Haslem,26,MIA,1,5,650,0.008,79,31.4,10.7,8.3,1.2,0.6,0.3,0.492,0,0.68,5.1,0.099,3.1,-0.8,105,hasleud01
2007,18T,Josh Howard,26,DAL,0,5,650,0.008,70,35.1,18.9,6.8,1.8,1.2,0.8,0.459,0.385,0.827,8.8,0.173,3.8,0.4,102,howarjo01
2007,20,Luol Deng,21,CHI,0,4,650,0.006,82,37.5,18.8,7.1,2.5,1.2,0.6,0.517,0.143,0.777,11.3,0.176,5.6,1.3,100,denglu01
2007,21T,Caron Butler,26,WAS,0,3,650,0.005,63,39.3,19.1,7.4,3.7,2.1,0.3,0.463,0.25,0.863,5.3,0.103,1.9,-0.2,109,butleca01
2007,21T,Josh Smith,21,ATL,0,3,650,0.005,72,36.8,16.4,8.6,3.3,1.4,2.9,0.439,0.25,0.693,4.4,0.079,4,1.7,102,smithjo03
2007,23,Raja Bell,30,PHO,0,2,650,0.003,78,37.4,14.7,3.2,2.5,0.6,0.3,0.432,0.413,0.776,5.8,0.095,1.6,-0.6,110,bellra01
2007,24T,Kobe Bryant,28,LAL,0,1,650,0.002,77,40.8,31.6,5.7,5.4,1.4,0.5,0.463,0.344,0.868,13,0.199,2.2,-0.5,109,bryanko01
2007,24T,Devin Harris,23,DAL,0,1,650,0.002,80,26,10.2,2.5,3.7,1.2,0.3,0.492,0.28,0.824,6.5,0.151,2.9,1.6,104,harride01
2007,24T,Andre Iguodala,23,PHI,0,1,650,0.002,76,40.3,18.2,5.7,5.7,2,0.4,0.447,0.31,0.82,7.7,0.12,3.6,1.1,105,iguodan01
2007,24T,Yao Ming,26,HOU,0,1,650,0.002,48,33.8,25,9.4,2,0.4,2,0.516,0,0.862,7.4,0.22,3.4,1.9,98,mingya01
2007,24T,Alonzo Mourning,36,MIA,0,1,650,0.002,77,20.4,8.6,4.5,0.2,0.2,2.3,0.56,,0.601,3.5,0.107,2.5,1.2,102,mournal01
2007,24T,Anthony Parker,31,TOR,0,1,650,0.002,73,33.4,12.4,3.9,2.1,1,0.2,0.477,0.441,0.835,6.5,0.127,2.1,0.4,108,parkean01
2006,1,Ben Wallace,31,DET,58,420,620,0.677,82,35.2,7.3,11.3,1.9,1.8,2.2,0.51,0,0.416,10.1,0.168,6.9,3.1,95,wallabe01
2006,2,Bruce Bowen,34,SAS,38,308,620,0.497,82,33.6,7.5,3.9,1.5,1,0.4,0.433,0.424,0.607,6.2,0.108,4.5,2,101,bowenbr01
2006,3,Andrei Kirilenko,24,UTA,12,121,620,0.195,69,37.7,15.3,8,4.3,1.5,3.2,0.46,0.308,0.699,7.9,0.145,4.3,3.1,101,kirilan01
2006,4,Metta World Peace,26,TOT,6,65,620,0.105,56,39.4,17.6,5.1,3.6,2.2,0.7,0.404,0.308,0.675,3.7,0.081,3.2,1.3,103,artesro01
2006,5,Marcus Camby,31,DEN,3,55,620,0.089,56,33.2,12.8,11.9,2.1,1.4,3.3,0.465,0.091,0.712,5.5,0.141,4.5,3.3,95,cambyma01
2006,6,Tim Duncan,29,SAS,3,42,620,0.068,80,34.8,18.6,11,3.2,0.9,2,0.484,0.4,0.629,10.8,0.187,6.9,2.6,94,duncati01
2006,7,Shawn Marion,27,PHO,0,33,620,0.053,81,40.3,21.8,11.8,1.8,2,1.7,0.525,0.331,0.809,14.6,0.214,5.9,1.3,100,mariosh01
2006,8,Alonzo Mourning,35,MIA,4,29,620,0.047,65,20,7.8,5.5,0.2,0.2,2.7,0.597,0,0.594,4.8,0.176,2.6,2.5,98,mournal01
2006,9,Gerald Wallace,23,CHA,0,27,620,0.044,55,34.5,15.2,7.5,1.7,2.5,2.1,0.538,0.28,0.614,6.4,0.163,3.4,2.9,100,wallage01
2006,10T,Shane Battier,27,MEM,0,3,620,0.005,81,35,10.1,5.3,1.7,1.1,1.4,0.488,0.394,0.707,9.1,0.153,4.5,1.8,102,battish01
2006,10T,Elton Brand,26,LAC,0,3,620,0.005,79,39.2,24.7,10,2.6,1,2.5,0.527,0.333,0.775,14.8,0.229,5.5,1.6,100,brandel01
2006,12,Andre Iguodala,22,PHI,0,2,620,0.003,82,37.6,12.3,5.9,3.1,1.6,0.3,0.5,0.354,0.754,7.5,0.116,2.6,0.4,108,iguodan01
2006,13T,Raja Bell,29,PHO,0,1,620,0.002,79,37.5,14.7,3.2,2.6,1,0.3,0.457,0.442,0.788,6.8,0.11,2.1,0.1,109,bellra01
2006,13T,P.J. Brown,36,NOK,0,1,620,0.002,75,31.7,9,7.3,1.2,0.6,0.7,0.461,,0.827,4.4,0.088,2.3,-0.2,107,brownpj01
2006,13T,Kevin Garnett,29,MIN,0,1,620,0.002,76,38.9,21.8,12.7,4.1,1.4,1.4,0.526,0.267,0.81,14.9,0.242,5.9,2.2,98,garneke01
2006,13T,Eddie Jones,34,MEM,0,1,620,0.002,75,32.5,11.8,3.7,2.4,1.7,0.4,0.404,0.356,0.781,7.2,0.141,4.2,2.3,100,jonesed02
2006,13T,Andrés Nocioni,26,CHI,0,1,620,0.002,82,27.3,13,6.1,1.4,0.5,0.6,0.461,0.391,0.843,6.7,0.144,3.4,0.9,102,nocioan01
2006,13T,James Posey,29,MIA,0,1,620,0.002,67,28.6,7.2,4.8,1.3,0.8,0.3,0.403,0.403,0.787,4.2,0.104,2.4,1,105,poseyja01
2006,13T,Tayshaun Prince,25,DET,0,1,620,0.002,82,35.3,14.1,4.2,2.3,0.8,0.5,0.455,0.35,0.765,7,0.115,3,-0.2,106,princta01
2006,13T,Rasheed Wallace,31,DET,0,1,620,0.002,80,34.8,15.1,6.8,2.3,1,1.6,0.43,0.357,0.743,8.9,0.154,4.9,1.9,100,wallara01
2005,1,Ben Wallace,30,DET,45,339,625,0.542,74,36.1,9.7,12.2,1.7,1.4,2.4,0.453,0.111,0.428,8.5,0.153,6.7,2.6,94,wallabe01
2005,2,Bruce Bowen,33,SAS,33,247,625,0.395,82,32,8.2,3.5,1.5,0.7,0.5,0.42,0.403,0.634,6.1,0.111,4,1.2,102,bowenbr01
2005,3,Marcus Camby,30,DEN,19,168,625,0.269,66,30.5,10.3,10,2.3,0.9,3,0.465,0,0.723,5.8,0.138,4.5,3.3,96,cambyma01
2005,4,Tim Duncan,28,SAS,6,81,625,0.13,66,33.4,20.3,11.1,2.7,0.7,2.6,0.496,0.333,0.67,11.2,0.245,5.7,2.8,93,duncati01
2005,5,Shawn Marion,26,PHO,5,57,625,0.091,81,38.8,19.4,11.3,1.9,2,1.5,0.476,0.334,0.833,12.5,0.191,5.2,1.3,101,mariosh01
2005,6,Larry Hughes,26,WAS,3,53,625,0.085,61,38.7,22,6.3,4.7,2.9,0.3,0.43,0.282,0.777,7.7,0.157,3.1,1.9,104,hughela01
2005,7,Tayshaun Prince,24,DET,6,46,625,0.074,82,37.1,14.7,5.3,3,0.7,0.9,0.487,0.341,0.807,9.4,0.149,4,0.7,104,princta01
2005,8,Shaquille O'Neal,32,MIA,3,32,625,0.051,73,34.1,22.9,10.4,2.7,0.5,2.3,0.601,,0.461,11,0.211,4.6,1.2,100,onealsh01
2005,9,Kevin Garnett,28,MIN,4,30,625,0.048,82,38.1,22.2,13.5,5.7,1.5,1.4,0.502,0.24,0.811,16.1,0.248,6,3,99,garneke01
2005,10,Andrei Kirilenko,23,UTA,1,25,625,0.04,41,32.9,15.6,6.2,3.2,1.6,3.3,0.493,0.299,0.784,5.5,0.197,2,3.7,102,kirilan01
2005,11,Allen Iverson,29,PHI,0,10,625,0.016,75,42.3,30.7,4,7.9,2.4,0.1,0.424,0.308,0.835,9,0.136,3.7,0,105,iversal01
2005,12T,Kirk Hinrich,24,CHI,0,6,625,0.01,77,36.4,15.7,3.9,6.4,1.6,0.3,0.397,0.355,0.792,7.2,0.124,4.7,1.6,101,hinriki01
2005,12T,Joel Przybilla,25,POR,0,6,625,0.01,76,24.4,6.4,7.7,1,0.3,2.1,0.598,,0.517,4.7,0.121,2.7,1.4,103,przybjo01
2005,14T,Trenton Hassell,25,MIN,0,4,625,0.006,82,25.2,6.6,2.7,1.6,0.4,0.4,0.474,0.091,0.789,2.7,0.063,1,-0.4,111,hassetr01
2005,14T,Andre Iguodala,21,PHI,0,4,625,0.006,82,32.8,9,5.7,3,1.7,0.6,0.493,0.331,0.743,6.6,0.118,4,2.1,102,iguodan01
2005,16T,Rasheed Wallace,30,DET,0,3,625,0.005,79,34,14.5,8.2,1.8,0.8,1.5,0.44,0.318,0.697,7.1,0.127,5.1,1.2,99,wallara01
2005,16T,David Wesley,34,TOT,0,3,625,0.005,80,34.7,11.9,2.9,3.3,1.2,0.1,0.398,0.375,0.857,5.2,0.089,2.8,0.6,106,wesleda01
2005,18T,Tyson Chandler,22,CHI,0,2,625,0.003,80,27.4,8,9.7,0.8,0.9,1.8,0.494,0,0.673,8.3,0.183,5.5,2.7,94,chandty01
2005,18T,Manu Ginóbili,27,SAS,0,2,625,0.003,74,29.6,16,4.4,3.9,1.6,0.4,0.471,0.376,0.803,11,0.24,4.6,2.8,98,ginobma01
2005,18T,Josh Howard,24,DAL,0,2,625,0.003,76,32.2,12.6,6.4,1.4,1.5,0.6,0.475,0.296,0.733,6.4,0.126,3.4,0.8,103,howarjo01
2005,21T,Shane Battier,26,MEM,0,1,625,0.002,80,31.5,9.9,5.2,1.6,1.1,1,0.442,0.395,0.789,7.8,0.149,3.4,1.3,103,battish01
2005,21T,Dwight Howard,19,ORL,0,1,625,0.002,82,32.6,12,10,0.9,0.9,1.7,0.52,0,0.671,7.3,0.131,3.5,-0.1,104,howardw01
2005,21T,Andrés Nocioni,25,CHI,0,1,625,0.002,81,23.4,8.4,4.8,1.5,0.5,0.4,0.401,0.258,0.766,2.5,0.062,3.3,1.1,100,nocioan01
2005,21T,Emeka Okafor,22,CHA,0,1,625,0.002,73,35.6,15.1,10.9,0.9,0.8,1.7,0.447,0,0.609,4,0.074,3.1,-1.3,105,okafoem01
2005,21T,Dwyane Wade,23,MIA,0,1,625,0.002,77,38.6,24.1,5.2,6.8,1.6,1.1,0.478,0.289,0.762,11,0.177,4.3,0.7,103,wadedw01
2004,1,Metta World Peace,24,IND,80,476,605,0.787,73,37.2,18.3,5.3,3.7,2.1,0.7,0.421,0.31,0.733,8,0.141,5.2,1.9,96,artesro01
2004,2,Ben Wallace,29,DET,26,325,605,0.537,81,37.7,9.5,12.4,1.7,1.8,3,0.421,0.125,0.49,10.2,0.16,9.1,3.3,87,wallabe01
2004,3,Theo Ratliff,30,TOT,8,90,605,0.149,85,31.3,7.9,7.2,0.8,0.6,3.6,0.485,,0.645,5.2,0.094,3.4,2.3,101,ratlith01
2004,4,Bruce Bowen,32,SAS,4,76,605,0.126,82,32,6.9,3.1,1.4,1,0.4,0.42,0.363,0.579,5.4,0.098,4.6,2.2,97,bowenbr01
2004,5,Andrei Kirilenko,22,UTA,2,67,605,0.111,78,37.1,16.5,8.1,3.1,1.9,2.8,0.443,0.338,0.79,11.6,0.192,5,2.9,97,kirilan01
2004,6,Kevin Garnett,27,MIN,0,36,605,0.06,82,39.4,24.2,13.9,5,1.5,2.2,0.499,0.256,0.791,18.3,0.272,8,3.3,92,garneke01
2004,7,Tim Duncan,27,SAS,0,8,605,0.013,69,36.6,22.3,12.4,3.1,0.9,2.7,0.501,0.167,0.599,13.1,0.249,7.2,3.3,89,duncati01
2004,8,Clifford Robinson,37,GSW,1,5,605,0.008,82,34.7,11.8,3.9,3.3,0.8,0.9,0.387,0.357,0.711,2,0.033,2.1,0,105,robincl02
2004,9,Kenyon Martin,26,NJN,0,2,605,0.003,65,34.6,16.7,9.5,2.5,1.5,1.3,0.488,0.28,0.684,6.7,0.142,5.1,1.8,93,martike01
2004,10T,Kobe Bryant,25,LAL,0,1,605,0.002,65,37.6,24,5.5,5.1,1.7,0.4,0.438,0.327,0.852,10.7,0.21,3,0.5,102,bryanko01
2004,10T,Shaquille O'Neal,31,LAL,0,1,605,0.002,67,36.8,21.5,11.5,2.9,0.5,2.5,0.584,,0.49,9.9,0.192,4,1,98,onealsh01
2004,10T,James Posey,27,MEM,0,1,605,0.002,82,29.9,13.7,4.9,1.5,1.7,0.5,0.478,0.386,0.83,10,0.195,3.2,1.4,101,poseyja01
2004,10T,Earl Watson,24,MEM,0,1,605,0.002,81,20.6,5.7,2.2,5,1.1,0.2,0.371,0.245,0.652,1.8,0.052,1.7,0.3,103,watsoea01